name,email,profile_link,role_type
Henry Mitchell,henry.mitchell@outlook.com,https://www.twine.net/profile/henry-mitchell-ugc-creator-1,UGC Creator
Avery Nelson,avery.nelson@protonmail.com,https://www.twine.net/profile/avery-nelson-ugc-creator-2,UGC Creator
Olivia Campbell,olivia.campbell@gmail.com,https://www.twine.net/profile/olivia-campbell-ugc-creator-3,UGC Creator
Scarlett Martinez,scarlett.martinez@protonmail.com,https://www.twine.net/profile/scarlett-martinez-ugc-creator-4,UGC Creator
Matthew King,matthew.king@icloud.com,https://www.twine.net/profile/matthew-king-ugc-creator-5,UGC Creator
Grace Allen,grace.allen@yahoo.com,https://www.twine.net/profile/grace-allen-ugc-creator-6,UGC Creator
Jack Nguyen,jack.nguyen@gmail.com,https://www.twine.net/profile/jack-nguyen-ugc-creator-7,UGC Creator
Olivia Jones,olivia.jones@yahoo.com,https://www.twine.net/profile/olivia-jones-ugc-creator-8,UGC Creator
Nathan Jones,nathan.jones@outlook.com,https://www.twine.net/profile/nathan-jones-ugc-creator-9,UGC Creator
Carter Taylor,carter.taylor@outlook.com,https://www.twine.net/profile/carter-taylor-ugc-creator-10,UGC Creator
Ethan Turner,ethan.turner@outlook.com,https://www.twine.net/profile/ethan-turner-ugc-creator-11,UGC Creator
James Hernandez,james.hernandez@yahoo.com,https://www.twine.net/profile/james-hernandez-ugc-creator-12,UGC Creator
Benjamin Clark,benjamin.clark@protonmail.com,https://www.twine.net/profile/benjamin-clark-ugc-creator-13,UGC Creator
Chloe Thomas,chloe.thomas@icloud.com,https://www.twine.net/profile/chloe-thomas-ugc-creator-14,UGC Creator
Emily White,emily.white@gmail.com,https://www.twine.net/profile/emily-white-ugc-creator-15,UGC Creator
Charlotte Lopez,charlotte.lopez@gmail.com,https://www.twine.net/profile/charlotte-lopez-ugc-creator-16,UGC Creator
William Rivera,william.rivera@outlook.com,https://www.twine.net/profile/william-rivera-ugc-creator-17,UGC Creator
Emily Young,emily.young@icloud.com,https://www.twine.net/profile/emily-young-ugc-creator-18,UGC Creator
Henry Scott,henry.scott@protonmail.com,https://www.twine.net/profile/henry-scott-ugc-creator-19,UGC Creator
Aria Miller,aria.miller@gmail.com,https://www.twine.net/profile/aria-miller-ugc-creator-20,UGC Creator
Ava Carter,ava.carter@gmail.com,https://www.twine.net/profile/ava-carter-ugc-creator-21,UGC Creator
Grace Wilson,grace.wilson@icloud.com,https://www.twine.net/profile/grace-wilson-ugc-creator-22,UGC Creator
Daniel White,daniel.white@icloud.com,https://www.twine.net/profile/daniel-white-ugc-creator-23,UGC Creator
Liam Martin,liam.martin@outlook.com,https://www.twine.net/profile/liam-martin-ugc-creator-24,UGC Creator
Noah Evans,noah.evans@outlook.com,https://www.twine.net/profile/noah-evans-ugc-creator-25,UGC Creator
Owen Thomas,owen.thomas@protonmail.com,https://www.twine.net/profile/owen-thomas-ugc-creator-26,UGC Creator
Elizabeth Garcia,elizabeth.garcia@icloud.com,https://www.twine.net/profile/elizabeth-garcia-ugc-creator-27,UGC Creator
Chloe Adams,chloe.adams@gmail.com,https://www.twine.net/profile/chloe-adams-ugc-creator-28,UGC Creator
Ava Baker,ava.baker@protonmail.com,https://www.twine.net/profile/ava-baker-ugc-creator-29,UGC Creator
Victoria Jones,victoria.jones@protonmail.com,https://www.twine.net/profile/victoria-jones-ugc-creator-30,UGC Creator
Emma Harris,emma.harris@gmail.com,https://www.twine.net/profile/emma-harris-ugc-creator-31,UGC Creator
Victoria Turner,victoria.turner@protonmail.com,https://www.twine.net/profile/victoria-turner-ugc-creator-32,UGC Creator
Jack Moore,jack.moore@protonmail.com,https://www.twine.net/profile/jack-moore-ugc-creator-33,UGC Creator
Luke Lewis,luke.lewis@gmail.com,https://www.twine.net/profile/luke-lewis-ugc-creator-34,UGC Creator
Victoria Smith,victoria.smith@gmail.com,https://www.twine.net/profile/victoria-smith-ugc-creator-35,UGC Creator
Mia Williams,mia.williams@icloud.com,https://www.twine.net/profile/mia-williams-ugc-creator-36,UGC Creator
Sophia Flores,sophia.flores@gmail.com,https://www.twine.net/profile/sophia-flores-ugc-creator-37,UGC Creator
Scarlett Lewis,scarlett.lewis@gmail.com,https://www.twine.net/profile/scarlett-lewis-ugc-creator-38,UGC Creator
Natalie Evans,natalie.evans@gmail.com,https://www.twine.net/profile/natalie-evans-ugc-creator-39,UGC Creator
Sophia Robinson,sophia.robinson@protonmail.com,https://www.twine.net/profile/sophia-robinson-ugc-creator-40,UGC Creator
Nathan Hernandez,nathan.hernandez@protonmail.com,https://www.twine.net/profile/nathan-hernandez-ugc-creator-41,UGC Creator
Elizabeth Harris,elizabeth.harris@yahoo.com,https://www.twine.net/profile/elizabeth-harris-ugc-creator-42,UGC Creator
Caleb Hernandez,caleb.hernandez@outlook.com,https://www.twine.net/profile/caleb-hernandez-ugc-creator-43,UGC Creator
James King,james.king@protonmail.com,https://www.twine.net/profile/james-king-ugc-creator-44,UGC Creator
Natalie Adams,natalie.adams@gmail.com,https://www.twine.net/profile/natalie-adams-ugc-creator-45,UGC Creator
Daniel Lopez,daniel.lopez@yahoo.com,https://www.twine.net/profile/daniel-lopez-ugc-creator-46,UGC Creator
Victoria Smith,victoria.smith@outlook.com,https://www.twine.net/profile/victoria-smith-ugc-creator-47,UGC Creator
Isabella Wilson,isabella.wilson@gmail.com,https://www.twine.net/profile/isabella-wilson-ugc-creator-48,UGC Creator
Wyatt Clark,wyatt.clark@yahoo.com,https://www.twine.net/profile/wyatt-clark-ugc-creator-49,UGC Creator
Lily Brown,lily.brown@protonmail.com,https://www.twine.net/profile/lily-brown-ugc-creator-50,UGC Creator
Avery Harris,avery.harris@outlook.com,https://www.twine.net/profile/avery-harris-video-editor-1001,Video Editor
Abigail Jones,abigail.jones@outlook.com,https://www.twine.net/profile/abigail-jones-video-editor-1002,Video Editor
Sofia Rivera,sofia.rivera@gmail.com,https://www.twine.net/profile/sofia-rivera-video-editor-1003,Video Editor
Ava Garcia,ava.garcia@outlook.com,https://www.twine.net/profile/ava-garcia-video-editor-1004,Video Editor
Sofia Jackson,sofia.jackson@outlook.com,https://www.twine.net/profile/sofia-jackson-video-editor-1005,Video Editor
Ava Wright,ava.wright@icloud.com,https://www.twine.net/profile/ava-wright-video-editor-1006,Video Editor
James Williams,james.williams@protonmail.com,https://www.twine.net/profile/james-williams-video-editor-1007,Video Editor
Ethan Turner,ethan.turner@protonmail.com,https://www.twine.net/profile/ethan-turner-video-editor-1008,Video Editor
James Adams,james.adams@yahoo.com,https://www.twine.net/profile/james-adams-video-editor-1009,Video Editor
Chloe Allen,chloe.allen@icloud.com,https://www.twine.net/profile/chloe-allen-video-editor-1010,Video Editor
Lily Robinson,lily.robinson@gmail.com,https://www.twine.net/profile/lily-robinson-video-editor-1011,Video Editor
Michael Miller,michael.miller@protonmail.com,https://www.twine.net/profile/michael-miller-video-editor-1012,Video Editor
Carter Evans,carter.evans@gmail.com,https://www.twine.net/profile/carter-evans-video-editor-1013,Video Editor
Luke Miller,luke.miller@yahoo.com,https://www.twine.net/profile/luke-miller-video-editor-1014,Video Editor
Benjamin Smith,benjamin.smith@outlook.com,https://www.twine.net/profile/benjamin-smith-video-editor-1015,Video Editor
Mason Phillips,mason.phillips@outlook.com,https://www.twine.net/profile/mason-phillips-video-editor-1016,Video Editor
Sebastian Thomas,sebastian.thomas@yahoo.com,https://www.twine.net/profile/sebastian-thomas-video-editor-1017,Video Editor
Caleb Thomas,caleb.thomas@gmail.com,https://www.twine.net/profile/caleb-thomas-video-editor-1018,Video Editor
Isabella Lopez,isabella.lopez@icloud.com,https://www.twine.net/profile/isabella-lopez-video-editor-1019,Video Editor
Jack Jones,jack.jones@outlook.com,https://www.twine.net/profile/jack-jones-video-editor-1020,Video Editor
Olivia Clark,olivia.clark@icloud.com,https://www.twine.net/profile/olivia-clark-video-editor-1021,Video Editor
Isaac Lewis,isaac.lewis@protonmail.com,https://www.twine.net/profile/isaac-lewis-video-editor-1022,Video Editor
Addison Allen,addison.allen@gmail.com,https://www.twine.net/profile/addison-allen-video-editor-1023,Video Editor
Henry Baker,henry.baker@gmail.com,https://www.twine.net/profile/henry-baker-video-editor-1024,Video Editor
Carter Garcia,carter.garcia@yahoo.com,https://www.twine.net/profile/carter-garcia-video-editor-1025,Video Editor
David Lewis,david.lewis@yahoo.com,https://www.twine.net/profile/david-lewis-video-editor-1026,Video Editor
Liam Martin,liam.martin@icloud.com,https://www.twine.net/profile/liam-martin-video-editor-1027,Video Editor
Isaac Evans,isaac.evans@outlook.com,https://www.twine.net/profile/isaac-evans-video-editor-1028,Video Editor
Olivia Anderson,olivia.anderson@yahoo.com,https://www.twine.net/profile/olivia-anderson-video-editor-1029,Video Editor
Michael Roberts,michael.roberts@protonmail.com,https://www.twine.net/profile/michael-roberts-video-editor-1030,Video Editor
Chloe Rivera,chloe.rivera@protonmail.com,https://www.twine.net/profile/chloe-rivera-video-editor-1031,Video Editor
Evelyn Wilson,evelyn.wilson@gmail.com,https://www.twine.net/profile/evelyn-wilson-video-editor-1032,Video Editor
Mason Nelson,mason.nelson@gmail.com,https://www.twine.net/profile/mason-nelson-video-editor-1033,Video Editor
Matthew Johnson,matthew.johnson@protonmail.com,https://www.twine.net/profile/matthew-johnson-video-editor-1034,Video Editor
Owen Carter,owen.carter@gmail.com,https://www.twine.net/profile/owen-carter-video-editor-1035,Video Editor
Joseph Torres,joseph.torres@protonmail.com,https://www.twine.net/profile/joseph-torres-video-editor-1036,Video Editor
Ella Brown,ella.brown@protonmail.com,https://www.twine.net/profile/ella-brown-video-editor-1037,Video Editor
Luke Jones,luke.jones@yahoo.com,https://www.twine.net/profile/luke-jones-video-editor-1038,Video Editor
Michael Rivera,michael.rivera@gmail.com,https://www.twine.net/profile/michael-rivera-video-editor-1039,Video Editor
Isabella Hall,isabella.hall@outlook.com,https://www.twine.net/profile/isabella-hall-video-editor-1040,Video Editor
Ethan Lopez,ethan.lopez@outlook.com,https://www.twine.net/profile/ethan-lopez-video-editor-1041,Video Editor
David Phillips,david.phillips@outlook.com,https://www.twine.net/profile/david-phillips-video-editor-1042,Video Editor
Daniel Rivera,daniel.rivera@yahoo.com,https://www.twine.net/profile/daniel-rivera-video-editor-1043,Video Editor
Luke Miller,luke.miller@outlook.com,https://www.twine.net/profile/luke-miller-video-editor-1044,Video Editor
Avery Walker,avery.walker@outlook.com,https://www.twine.net/profile/avery-walker-video-editor-1045,Video Editor
Aria Brown,aria.brown@gmail.com,https://www.twine.net/profile/aria-brown-video-editor-1046,Video Editor
Chloe Taylor,chloe.taylor@yahoo.com,https://www.twine.net/profile/chloe-taylor-video-editor-1047,Video Editor
Sofia Martinez,sofia.martinez@outlook.com,https://www.twine.net/profile/sofia-martinez-video-editor-1048,Video Editor
Ethan Harris,ethan.harris@outlook.com,https://www.twine.net/profile/ethan-harris-video-editor-1049,Video Editor
Gabriel Davis,gabriel.davis@gmail.com,https://www.twine.net/profile/gabriel-davis-video-editor-1050,Video Editor
